grade,stars,batting_team,batter,batter_id,batter_hand,lineup_slot,lineup_confirmed,pitcher,pitcher_id,pitcher_hand,pitcher_team,top_pitches,game_id,game_time,home_team,away_team,total_flags,weighted_flag_score,in_slump,is_diamond,is_contact_pick,is_fallback,recent_flag_count,bvp_flag_count,vs_hand_flag_count,hist_hand_flag_count,hr_intent_score,season_pa,vs_hand_pa,recent_games_total,recent_games_both,recent_consistency_pct,pitcher_fb_pct_allowed,pitcher_hh_pct_allowed,pitcher_pa_faced,pitcher_meatball_pct,batter_meatball_score,meatball_matchup_score,bullpen_era,sim_pa,sim_h,sim_hr,sim_hr_adj,sim_2b,sim_3b,sim_bb,sim_k,sim_tb,sim_rbi,proj_hr_adj,proj_hit_prob,proj_xbh_prob,proj_avg_tb,proj_avg_rbi,recent_pa,recent_hr_count,recent_avg_ev,recent_hh_pct,recent_avg_bat_speed,recent_batter_ahead_pct,recent_ev_flag,recent_barrel_pct,recent_barrel_flag,recent_fb_pct,recent_fb_flag,recent_avg_la,recent_la_flag,bvp_pa,bvp_hr_count,bvp_hr_by_pitch,bvp_avg_ev,bvp_hh_pct,bvp_avg_bat_speed,bvp_batter_ahead_pct,bvp_ev_flag,bvp_barrel_pct,bvp_barrel_flag,bvp_fb_pct,bvp_fb_flag,bvp_avg_la,bvp_la_flag,vs_hand_pa,vs_hand_hr_count,vs_hand_avg_ev,vs_hand_hh_pct,vs_hand_ev_flag,vs_hand_barrel_pct,vs_hand_barrel_flag,vs_hand_fb_pct,vs_hand_fb_flag,vs_hand_avg_la,vs_hand_la_flag,vs_hand_hr_rate,vs_hand_hit_rate,vs_hand_xbh_rate,hr_factor,wind_effect,temp_f,condition
A,3,ATH,Tyler Soderstrom,691016,L,0,False,MacKenzie Gore,669022,Left,TEX,"SL, FF, CU",822910,07:05 PM,TEX,ATH,6,2.16,False,False,False,False,3,3,0,0,0.7851,113,0,7,2,28.6,14.8,26.9,108.0,61.1,0.256,0.0625,0.0,4.0,0.802,0.093,0.095,0.522,0.05,0.485,0.771,1.703,0.0,0.0239,0.2016,0.1672,0.4281,0.0,32,1,89.8,40.6,73.7,31.2,False,3.1,False,34.4,True,19.3,True,52,1,SL(43%):0/13pa  |  FF(37%):1/33pa  |  CU(14%):0/6pa,90.6,30.8,72.6,32.7,True,1.9,False,21.2,False,21.3,True,0,0,,,False,,False,,False,,False,,,,1.02,Wind Out (⬇️ S),88.6,Sunny
A,3,ATH,Carlos Cortes,666126,L,0,False,MacKenzie Gore,669022,Left,TEX,"SL, FF, CU",822910,07:05 PM,TEX,ATH,6,2.16,False,False,False,False,3,3,0,0,0.7413,62,0,7,0,0.0,14.8,26.9,108.0,61.1,0.111,0.0271,0.0,2.7,0.927,0.19,0.194,0.153,0.0,0.277,0.233,1.649,0.0,0.0713,0.3414,0.1264,0.6077,0.0,26,3,94.3,57.7,69.0,50.0,True,11.5,True,19.2,False,3.4,False,22,1,SL(43%):0/5pa  |  FF(37%):1/15pa  |  CU(14%):0/2pa,92.5,40.9,68.5,59.1,True,9.1,True,18.2,False,15.1,False,0,0,,,False,,False,,False,,False,,,,1.02,Wind Out (⬇️ S),88.6,Sunny
A,3,ATH,Nick Kurtz,701762,L,0,False,MacKenzie Gore,669022,Left,TEX,"SL, FF, CU",822910,07:05 PM,TEX,ATH,6,2.16,False,False,False,False,3,3,0,0,0.5583,115,0,7,3,42.9,14.8,26.9,108.0,61.1,0.343,0.0837,0.0,4.2,0.93,0.369,0.376,0.099,0.0,1.121,1.097,2.136,0.0,0.0902,0.2226,0.1121,0.5116,0.0,34,4,99.3,38.2,77.6,47.1,True,0.0,False,20.6,False,18.2,True,55,4,SL(43%):1/19pa  |  FF(37%):3/34pa  |  CU(14%):0/2pa,101.6,32.7,76.6,47.3,True,1.8,False,20.0,False,21.1,True,0,0,,,False,,False,,False,,False,,,,1.02,Wind Out (⬇️ S),88.6,Sunny
A,3,ATL,Drake Baldwin,686948,L,0,False,Zack Wheeler,554430,Right,PHI,"FF, FC, CU, FS",824933,07:15 PM,ATL,PHI,7,2.58,False,False,False,False,3,4,0,0,0.7679,125,0,8,3,37.5,,,,,0.3636,0.0,1.5,3.9,1.094,0.275,0.28,0.117,0.0,0.338,0.723,2.036,0.0,0.0726,0.2832,0.1015,0.5272,0.0,39,2,92.7,35.9,73.5,35.9,True,5.1,True,17.9,False,17.4,False,61,5,FF(45%):4/32pa  |  FC(17%):0/12pa  |  CU(13%):1/11pa  |  FS(12%):0/6pa,91.7,36.1,74.3,31.1,True,3.3,False,24.6,True,19.8,True,0,0,,,False,,False,,False,,False,,,,1.02,Crosswind (⬅️ W),69.7,Patchy rain nearby
A,3,ATL,Matt Olson,621566,L,0,False,Zack Wheeler,554430,Right,PHI,"FF, FC, CU, FS",824933,07:15 PM,ATL,PHI,6,2.16,False,False,False,False,3,3,0,0,0.7656,122,0,8,4,50.0,,,,,0.4497,0.0,1.5,4.5,1.113,0.257,0.262,0.431,0.0,0.645,0.902,2.316,0.0,0.0583,0.2478,0.1533,0.5155,0.0,38,2,90.3,34.2,73.4,36.8,True,2.6,False,23.7,True,17.9,False,67,4,FF(45%):4/44pa  |  FC(17%):0/13pa  |  CU(13%):0/8pa  |  FS(12%):0/2pa,92.8,29.9,72.7,53.7,True,4.5,False,20.9,False,18.5,True,0,0,,,False,,False,,False,,False,,,,1.02,Crosswind (⬅️ W),69.7,Patchy rain nearby
B,2,ATL,Michael Harris II,671739,L,0,False,Zack Wheeler,554430,Right,PHI,"FF, FC, CU, FS",824933,07:15 PM,ATL,PHI,5,1.86,False,False,False,False,2,3,0,0,0.7445,91,0,8,2,25.0,,,,,0.4121,0.0,1.5,4.0,1.729,0.459,0.468,0.324,0.0,0.433,0.325,3.43,0.0,0.1171,0.4322,0.1958,0.8576,0.0,26,4,100.5,69.2,75.8,42.3,True,3.8,False,19.2,False,11.9,False,32,3,FF(45%):1/15pa  |  FC(17%):1/7pa  |  CU(13%):0/6pa  |  FS(12%):1/4pa,93.3,43.8,73.4,37.5,True,3.1,False,28.1,True,13.7,False,0,0,,,False,,False,,False,,False,,,,1.02,Crosswind (⬅️ W),69.7,Patchy rain nearby
A+,4,AZ,Adrian Del Castillo,680728,L,0,False,Germán Márquez,608566,Right,SD,"FF, KC, SI",825093,06:05 PM,AZ,SD,8,3.0,False,False,False,False,3,5,0,0,0.5236,38,0,3,0,0.0,26.6,38.0,79.0,62.0,0.2833,0.0793,,3.2,1.139,0.123,0.127,0.432,0.123,0.216,0.771,2.185,0.0,0.0393,0.3551,0.2113,0.6811,0.0,12,0,93.1,33.3,72.8,58.3,True,0.0,False,16.7,False,21.4,True,17,1,FF(44%):1/11pa  |  KC(34%):0/0pa  |  SI(18%):0/6pa,92.6,29.4,71.7,47.1,True,5.9,True,29.4,True,25.2,True,0,0,,,False,,False,,False,,False,,,,1.03,Crosswind (↙️ SW),83.0,Sunny
A,3,AZ,Ketel Marte,606466,L,0,False,Germán Márquez,608566,Right,SD,"FF, KC, SI",825093,06:05 PM,AZ,SD,6,2.4,False,False,False,False,1,5,0,0,0.5491,99,0,5,1,20.0,26.6,38.0,79.0,62.0,0.0685,0.0192,,4.3,1.046,0.241,0.248,0.149,0.0,0.31,0.391,1.919,0.0,0.0574,0.2414,0.0902,0.443,0.0,22,0,92.7,45.5,76.0,22.7,True,0.0,False,13.6,False,14.1,False,35,3,FF(44%):2/26pa  |  KC(34%):0/0pa  |  SI(18%):1/9pa,92.9,42.9,72.2,40.0,True,5.7,True,34.3,True,22.7,True,0,0,,,False,,False,,False,,False,,,,1.03,Crosswind (↙️ SW),83.0,Sunny
A,3,AZ,Alek Thomas,677950,L,0,False,Germán Márquez,608566,Right,SD,"FF, KC, SI",825093,06:05 PM,AZ,SD,6,2.16,False,False,False,False,3,3,0,0,0.5063,68,0,3,0,0.0,26.6,38.0,79.0,62.0,0.0731,0.0205,,3.5,0.818,0.0,0.0,0.532,0.0,0.367,0.244,1.35,0.0,0.0,0.2329,0.1514,0.3843,0.0,10,0,90.4,40.0,67.2,30.0,True,0.0,False,30.0,True,2.9,False,28,0,FF(44%):0/20pa  |  KC(34%):0/0pa  |  SI(18%):0/8pa,90.0,35.7,66.4,28.6,True,3.6,False,28.6,True,10.7,False,0,0,,,False,,False,,False,,False,,,,1.03,Crosswind (↙️ SW),83.0,Sunny
A,3,BAL,Weston Wilson,642215,R,0,False,Garrett Crochet,676979,Left,BOS,"FF, FC, ST, SI",824851,12:05 PM,BAL,BOS,5,1.86,False,False,False,False,2,3,0,0,0.2217,13,0,4,1,25.0,12.9,27.6,116.0,49.1,0.161,0.0,2.08,2.3,0.493,0.0,0.0,0.247,0.0,0.574,0.82,0.74,0.0,0.0,0.2144,0.1072,0.3217,0.0,10,0,90.6,10.0,68.2,30.0,True,0.0,False,20.0,False,30.7,True,9,0,FF(33%):0/5pa  |  FC(31%):0/2pa  |  ST(21%):0/1pa  |  SI(12%):0/1pa,90.4,11.1,73.3,44.4,True,0.0,False,33.3,True,30.8,True,0,0,,,False,,False,,False,,False,,,,1.06,Crosswind (↘️ SE),62.4,Overcast
B,2,BAL,Samuel Basallo,694212,L,0,False,Garrett Crochet,676979,Left,BOS,"SI, FF, ST, FC",824851,12:05 PM,BAL,BOS,4,1.56,False,False,False,False,1,3,0,0,0.7699,79,0,6,1,16.7,12.9,27.6,116.0,49.1,0.1113,0.0,2.08,3.8,1.078,0.317,0.336,0.127,0.0,0.571,0.507,2.155,0.0,0.0883,0.2833,0.1167,0.5667,0.0,21,1,89.6,33.3,74.2,23.8,False,4.8,False,14.3,False,18.5,True,39,4,SI(43%):1/5pa  |  FF(20%):2/24pa  |  ST(19%):0/2pa  |  FC(18%):1/8pa,93.9,35.9,74.1,41.0,True,2.6,False,20.5,False,18.8,True,0,0,,,False,,False,,False,,False,,,,1.06,Crosswind (↘️ SE),62.4,Overcast
B,2,BAL,Colton Cowser,681297,L,0,False,Garrett Crochet,676979,Left,BOS,"SI, FF, ST, FC",824851,12:05 PM,BAL,BOS,4,1.44,True,False,False,False,1,3,0,0,0.487,61,0,6,1,16.7,12.9,27.6,116.0,49.1,0.0463,0.0,2.08,3.8,0.767,0.0,0.0,0.257,0.0,0.338,0.956,1.023,0.0,0.0,0.2036,0.0682,0.2717,0.0,15,0,93.1,20.0,69.9,26.7,True,0.0,False,13.3,False,14.1,False,29,0,SI(43%):0/4pa  |  FF(20%):0/17pa  |  ST(19%):0/1pa  |  FC(18%):0/7pa,91.0,48.3,72.3,44.8,True,0.0,False,24.1,True,11.7,False,0,0,,,False,,False,,False,,False,,,,1.06,Crosswind (↘️ SE),62.4,Overcast
B,2,BOS,Wilyer Abreu,677800,L,0,False,Trevor Rogers,669432,Left,BAL,"SI, CH, FF, SL",824851,12:05 PM,BAL,BOS,4,1.44,False,False,False,False,2,2,0,0,0.7825,103,0,8,2,25.0,15.4,20.3,123.0,58.5,0.2034,0.0285,2.0,3.8,0.872,0.135,0.143,0.135,0.0,0.28,0.737,1.411,0.0,0.0381,0.2323,0.0719,0.376,0.0,32,1,89.1,34.4,75.6,21.9,False,3.1,False,25.0,True,11.8,False,78,3,SI(30%):0/20pa  |  CH(19%):0/16pa  |  FF(18%):2/26pa  |  SL(15%):1/16pa,91.4,39.7,73.3,29.5,True,3.8,False,21.8,False,14.7,False,0,0,,,False,,False,,False,,False,,,,1.06,Crosswind (↘️ SE),62.4,Overcast
B,2,BOS,Andruw Monasterio,655316,R,0,False,Trevor Rogers,669432,Left,BAL,"FF, CH, SI, ST",824851,12:05 PM,BAL,BOS,4,1.44,False,False,False,False,2,2,0,0,0.2006,35,0,4,0,0.0,15.4,20.3,123.0,58.5,0.0214,0.003,2.0,2.6,0.321,0.0,0.0,0.084,0.0,0.321,0.627,0.405,0.0,0.0,0.1244,0.0325,0.1569,0.0,13,0,91.9,23.1,66.5,15.4,True,0.0,False,23.1,True,14.1,False,20,0,FF(42%):0/11pa  |  CH(30%):0/0pa  |  SI(14%):0/9pa  |  ST(7%):0/0pa,93.0,35.0,67.2,40.0,True,0.0,False,20.0,False,25.8,True,0,0,,,False,,False,,False,,False,,,,1.06,Crosswind (↘️ SE),62.4,Overcast
C,1,BOS,Willson Contreras,575929,R,0,False,Trevor Rogers,669432,Left,BAL,"FF, CH, SI, ST",824851,12:05 PM,BAL,BOS,3,1.02,False,False,False,False,2,1,0,0,0.2992,105,0,8,2,25.0,15.4,20.3,123.0,58.5,0.3512,0.0492,2.0,4.0,0.683,0.171,0.181,0.032,0.0,0.566,1.29,1.228,0.0,0.0453,0.1708,0.0507,0.307,0.0,33,1,92.4,27.3,75.8,21.2,True,0.0,False,21.2,False,21.6,True,81,4,FF(42%):0/28pa  |  CH(30%):1/14pa  |  SI(14%):3/30pa  |  ST(7%):0/9pa,90.6,22.2,76.0,32.1,True,1.2,False,12.3,False,15.6,False,0,0,,,False,,False,,False,,False,,,,1.06,Crosswind (↘️ SE),62.4,Overcast
B,2,CHC,Michael Busch,683737,L,0,False,Roki Sasaki,808963,Right,LAD,"FF, FS, SL",823960,07:15 PM,LAD,CHC,5,1.86,False,False,False,False,2,3,0,0,0.5049,109,0,8,1,12.5,21.2,28.2,85.0,57.6,0.4973,0.0517,0.0,3.9,0.934,0.122,0.156,0.133,0.0,0.218,0.993,1.433,0.0,0.0399,0.239,0.0652,0.3665,0.0,37,2,87.0,24.3,65.7,27.0,False,0.0,False,24.3,True,12.2,False,53,1,FF(58%):1/39pa  |  FS(30%):0/3pa  |  SL(9%):0/11pa,86.9,24.5,64.9,24.5,False,1.9,False,30.2,True,23.1,True,0,0,,,False,,False,,False,,False,,,,1.28,Wind Out (↙️ SW),62.7,Partly Cloudy
A,3,CHC,Nico Hoerner,663538,R,0,False,Roki Sasaki,808963,Right,LAD,"FF, FS, SL",823960,07:15 PM,LAD,CHC,5,1.86,False,False,False,False,2,3,0,0,0.251,123,0,8,1,12.5,21.2,28.2,85.0,57.6,0.2553,0.0266,0.0,4.2,0.772,0.172,0.22,0.147,0.0,0.6,0.258,1.434,0.0,0.0521,0.1832,0.0755,0.3402,0.0,40,2,87.6,25.0,68.4,40.0,False,5.0,True,25.0,True,12.3,False,56,2,FF(57%):2/45pa  |  FS(30%):0/2pa  |  SL(7%):0/9pa,88.0,26.8,67.8,41.1,False,5.4,True,23.2,True,21.0,True,0,0,,,False,,False,,False,,False,,,,1.28,Wind Out (↙️ SW),62.7,Partly Cloudy
A,3,CHC,Moisés Ballesteros,694208,L,0,False,Roki Sasaki,808963,Right,LAD,"FF, FS, SL",823960,07:15 PM,LAD,CHC,5,1.74,False,False,False,False,3,2,0,0,0.4837,61,0,8,2,25.0,21.2,28.2,85.0,57.6,0.1736,0.0181,0.0,2.8,1.039,0.18,0.23,0.269,0.0,0.36,0.604,1.848,0.0,0.0829,0.3747,0.1617,0.6662,0.0,19,1,90.8,36.8,72.8,36.8,True,0.0,False,21.1,False,18.4,True,28,2,FF(58%):2/15pa  |  FS(30%):0/6pa  |  SL(9%):0/7pa,96.1,39.3,73.1,35.7,True,7.1,True,14.3,False,16.5,False,0,0,,,False,,False,,False,,False,,,,1.28,Wind Out (↙️ SW),62.7,Partly Cloudy
A,3,CIN,Spencer Steer,668715,R,0,False,Jack Flaherty,656427,Right,DET,"FF, SL, KC",824527,07:15 PM,CIN,DET,7,2.58,False,False,False,False,3,4,0,0,0.2239,91,0,7,2,28.6,13.9,25.0,108.0,51.9,0.3213,0.0,1.64,4.0,0.684,0.209,0.265,0.106,0.0,0.524,1.307,1.417,0.0,0.0672,0.173,0.0798,0.3585,0.0,26,1,93.0,30.8,68.4,34.6,True,3.8,False,26.9,True,19.0,True,33,2,FF(48%):1/22pa  |  SL(26%):1/10pa  |  KC(24%):0/1pa,92.5,24.2,68.9,27.3,True,6.1,True,24.2,True,18.6,True,0,0,,,False,,False,,False,,False,,,,1.27,Wind In (↗️ NE),66.1,Sunny
A,3,CIN,Elly De La Cruz,682829,L,0,False,Jack Flaherty,656427,Right,DET,"FF, KC, SL",824527,07:15 PM,CIN,DET,6,2.28,False,False,False,False,2,4,0,0,0.4962,118,0,7,1,14.3,13.9,25.0,108.0,51.9,0.3331,0.0,1.64,4.3,1.218,0.445,0.565,0.293,0.0,0.243,0.728,2.847,0.0,0.132,0.2845,0.1724,0.6648,0.0,33,2,97.4,48.5,75.3,48.5,True,0.0,False,18.2,False,14.7,False,55,7,FF(48%):5/44pa  |  KC(26%):0/1pa  |  SL(24%):2/10pa,95.3,41.8,75.0,41.8,True,5.5,True,30.9,True,17.8,False,0,0,,,False,,False,,False,,False,,,,1.27,Wind In (↗️ NE),66.1,Sunny
B,2,CIN,TJ Friedl,670770,L,0,False,Jack Flaherty,656427,Right,DET,"FF, KC, SL",824527,07:15 PM,CIN,DET,6,2.16,False,False,False,False,3,3,0,0,0.4939,102,0,6,2,33.3,13.9,25.0,108.0,51.9,0.1429,0.0,1.64,4.5,0.59,0.0,0.0,0.197,0.0,0.457,0.72,0.787,0.0,0.0,0.1306,0.0436,0.1742,0.0,24,0,84.6,25.0,65.0,29.2,False,0.0,False,33.3,True,18.9,True,45,0,FF(48%):0/37pa  |  KC(26%):0/1pa  |  SL(24%):0/7pa,86.9,20.0,67.6,37.8,False,0.0,False,22.2,True,27.9,True,0,0,,,False,,False,,False,,False,,,,1.27,Wind In (↗️ NE),66.1,Sunny
A+,4,CLE,José Ramírez,608070,L,0,False,Kevin Gausman,592332,Right,TOR,"FF, FS",822826,03:07 PM,TOR,CLE,10,3.6,False,False,False,False,5,5,0,0,0.4157,118,0,7,1,14.3,9.7,24.8,113.0,48.7,0.2151,0.0,1.76,4.2,1.024,0.341,0.351,0.232,0.0,0.8,0.424,2.28,0.0,0.0828,0.2411,0.135,0.5368,0.0,31,2,92.0,32.3,70.7,41.9,True,6.5,True,29.0,True,18.3,True,45,4,FF(54%):4/38pa  |  FS(44%):0/7pa,91.9,40.0,71.1,42.2,True,6.7,True,40.0,True,26.8,True,0,0,,,False,,False,,False,,False,,,,1.03,Wind In (↗️ NE),45.5,Patchy light drizzle
B,2,CLE,Daniel Schneemann,682177,L,0,False,Kevin Gausman,592332,Right,TOR,"FF, FS",822826,03:07 PM,TOR,CLE,5,1.86,True,False,False,False,1,4,0,0,0.7303,71,0,6,1,16.7,9.7,24.8,113.0,48.7,0.4692,0.0,1.76,3.4,0.993,0.315,0.324,0.265,0.0,0.657,0.972,2.202,0.0,0.0949,0.2908,0.1696,0.6445,0.0,24,2,87.2,12.5,68.7,41.7,False,8.3,True,8.3,False,17.3,False,31,3,FF(54%):3/26pa  |  FS(44%):0/5pa,90.7,25.8,71.5,35.5,True,6.5,True,29.0,True,12.6,False,0,0,,,False,,False,,False,,False,,,,1.03,Wind In (↗️ NE),45.5,Patchy light drizzle
B,2,CLE,Chase DeLauter,800050,L,0,False,Kevin Gausman,592332,Right,TOR,"FF, FS",822826,03:07 PM,TOR,CLE,4,1.58,True,False,False,False,0,4,0,0,0.4973,99,0,6,2,33.3,9.7,24.8,113.0,48.7,0.1223,0.0,1.76,4.1,0.61,0.135,0.139,0.186,0.119,0.542,0.474,1.44,0.0,0.0343,0.15,0.1083,0.3542,0.0,28,0,84.4,17.9,69.2,60.7,False,0.0,False,14.3,False,15.2,False,39,2,FF(54%):2/37pa  |  FS(44%):0/2pa,92.9,33.3,71.8,51.3,True,5.1,True,17.9,False,29.3,True,0,0,,,False,,False,,False,,False,,,,1.03,Wind In (↗️ NE),45.5,Patchy light drizzle
B,2,COL,Mickey Moniak,666160,L,0,False,Kodai Senga,673540,Right,NYM,"FO, FF, FC, ST",823637,04:10 PM,NYM,COL,7,2.46,False,False,False,False,4,3,0,0,0.7708,77,0,7,1,14.3,19.5,25.6,82.0,56.1,0.0956,0.0042,1.5,3.6,1.182,0.336,0.296,0.269,0.0,0.148,0.78,2.459,0.0,0.083,0.332,0.1697,0.6904,0.0,31,3,93.3,35.5,72.4,38.7,True,6.5,True,35.5,True,16.7,False,43,4,FO(38%):0/0pa  |  FF(28%):3/27pa  |  FC(23%):0/6pa  |  ST(5%):1/10pa,89.8,23.3,72.5,34.9,False,4.7,False,27.9,True,30.3,True,0,0,,,False,,False,,False,,False,,,,0.88,Crosswind (➡️ E),44.1,Patchy rain nearby
B,2,COL,Brett Sullivan,664954,L,0,False,Kodai Senga,673540,Right,NYM,"FO, FF, FC, ST",823637,04:10 PM,NYM,COL,6,2.16,False,False,False,False,3,3,0,0,0.4997,38,0,3,3,100.0,19.5,25.6,82.0,56.1,0.2931,0.0129,1.5,2.7,0.732,0.0,0.0,0.186,0.0,0.0,0.366,0.918,0.0,0.0,0.2689,0.0684,0.3373,0.0,11,0,86.0,27.3,65.3,45.5,False,0.0,False,45.5,True,23.3,True,19,0,FO(38%):0/0pa  |  FF(28%):0/15pa  |  FC(23%):0/3pa  |  ST(5%):0/1pa,91.7,42.1,68.6,42.1,True,0.0,False,21.1,False,23.2,True,0,0,,,False,,False,,False,,False,,,,0.88,Crosswind (➡️ E),44.1,Patchy rain nearby
A,3,COL,Hunter Goodman,696100,R,0,False,Kodai Senga,673540,Right,NYM,"FF, FO, FC, ST",823637,04:10 PM,NYM,COL,6,2.16,False,False,False,False,3,3,0,0,0.2922,102,0,6,2,33.3,19.5,25.6,82.0,56.1,0.1332,0.0059,1.5,4.1,0.977,0.146,0.128,0.348,0.0,0.344,1.314,1.764,0.0,0.0314,0.2384,0.1205,0.4304,0.0,28,1,92.6,32.1,75.2,14.3,True,3.6,False,25.0,True,25.4,True,56,2,FF(35%):0/31pa  |  FO(30%):0/0pa  |  FC(20%):1/9pa  |  ST(6%):1/16pa,91.7,26.8,75.1,26.8,True,1.8,False,28.6,True,25.6,True,0,0,,,False,,False,,False,,False,,,,0.88,Crosswind (➡️ E),44.1,Patchy rain nearby
A,3,CWS,Andrew Benintendi,643217,L,0,False,Jake Irvin,663623,Right,WSH,"FF, CU, CH, SI",824613,04:10 PM,CWS,WSH,8,2.88,False,False,False,False,4,4,0,0,0.4914,76,0,6,2,33.3,19.8,33.0,106.0,48.1,0.4124,0.0,2.01,4.0,0.915,0.244,0.237,0.366,0.0,0.246,1.039,2.012,0.0,0.0596,0.2303,0.1535,0.5066,0.0,23,2,94.0,52.2,69.4,52.2,True,0.0,False,39.1,True,28.5,True,42,2,FF(39%):1/22pa  |  CU(24%):0/0pa  |  CH(15%):0/8pa  |  SI(14%):1/12pa,93.3,38.1,68.9,47.6,True,2.4,False,26.2,True,24.9,True,0,0,,,False,,False,,False,,False,,,,0.97,Wind In (⬆️ N),47.8,Overcast
B,2,CWS,Sam Antonacci,803011,L,0,False,Jake Irvin,663623,Right,WSH,"FF, CU, CH, SI",824613,04:10 PM,CWS,WSH,6,2.16,False,False,False,False,3,3,0,0,0.7381,31,0,6,2,33.3,19.8,33.0,106.0,48.1,0.2118,0.0,2.01,3.6,0.624,0.0,0.0,0.171,0.0,0.74,0.228,0.794,0.0,0.0,0.1715,0.0469,0.2184,0.0,22,0,88.0,27.3,69.4,40.9,False,4.5,False,22.7,True,25.3,True,21,0,FF(39%):0/10pa  |  CU(24%):0/1pa  |  CH(15%):0/6pa  |  SI(14%):0/4pa,89.5,19.0,68.5,47.6,False,4.8,False,23.8,True,19.1,True,0,0,,,False,,False,,False,,False,,,,0.97,Wind In (⬆️ N),47.8,Overcast
B,2,CWS,Munetaka Murakami,808959,L,0,False,Jake Irvin,663623,Right,WSH,"FF, CU, CH, SI",824613,04:10 PM,CWS,WSH,6,2.04,False,False,False,False,4,2,0,0,0.7494,107,0,6,4,66.7,19.8,33.0,106.0,48.1,0.3106,0.0,2.01,4.2,1.067,0.515,0.5,0.0,0.0,0.765,1.255,2.611,0.0,0.1198,0.2561,0.1235,0.6267,0.0,29,5,100.8,37.9,72.0,41.4,True,3.4,False,27.6,True,25.7,True,72,7,FF(39%):4/39pa  |  CU(24%):1/6pa  |  CH(15%):1/14pa  |  SI(14%):1/13pa,95.1,31.9,73.7,40.3,True,1.4,False,19.4,False,14.6,False,0,0,,,False,,False,,False,,False,,,,0.97,Wind In (⬆️ N),47.8,Overcast
A,3,DET,Riley Greene,682985,L,0,False,Brady Singer,663903,Right,CIN,"SI, SL, ST, FF",824527,07:15 PM,CIN,DET,6,2.04,False,False,False,False,4,2,0,0,0.7828,111,0,8,4,50.0,15.3,34.2,111.0,57.7,0.3344,0.0361,0.71,4.2,1.302,0.173,0.22,0.331,0.0,0.758,0.884,2.154,0.0,0.0526,0.3107,0.1205,0.5141,0.0,31,2,90.7,22.6,74.8,38.7,True,3.2,False,22.6,True,23.6,True,69,2,SI(45%):0/14pa  |  SL(33%):0/13pa  |  ST(9%):1/9pa  |  FF(7%):1/33pa,92.8,37.7,74.0,49.3,True,2.9,False,20.3,False,14.7,False,0,0,,,False,,False,,False,,False,,,,1.27,Wind In (↗️ NE),66.1,Sunny
B,2,DET,Kevin McGonigle,805808,L,0,False,Brady Singer,663903,Right,CIN,"SI, SL, ST, FF",824527,07:15 PM,CIN,DET,4,1.56,False,False,False,False,1,3,0,0,0.4898,114,0,7,2,28.6,15.3,34.2,111.0,57.7,0.3253,0.0351,0.71,4.2,1.194,0.037,0.047,0.404,0.037,0.616,0.56,1.781,0.0,0.0112,0.2851,0.114,0.4254,0.0,32,0,87.9,28.1,68.5,46.9,False,0.0,False,21.9,False,14.8,False,74,1,SI(45%):0/28pa  |  SL(33%):0/11pa  |  ST(9%):0/4pa  |  FF(7%):1/31pa,88.8,25.7,70.4,45.9,False,0.0,False,25.7,True,22.4,True,0,0,,,False,,False,,False,,False,,,,1.27,Wind In (↗️ NE),66.1,Sunny
B,2,DET,Wenceel Pérez,672761,L,0,False,Brady Singer,663903,Right,CIN,"SI, SL, ST, FF",824527,07:15 PM,CIN,DET,4,1.56,False,False,False,False,1,3,0,0,0.3278,37,0,7,2,28.6,15.3,34.2,111.0,57.7,0.3054,0.033,0.71,3.8,0.064,0.0,0.0,0.0,0.0,0.29,0.304,0.064,0.0,0.0,0.0167,0.0,0.0167,0.0,21,0,88.3,28.6,70.3,28.6,False,4.8,False,33.3,True,16.4,False,22,0,SI(45%):0/4pa  |  SL(33%):0/1pa  |  ST(9%):0/2pa  |  FF(7%):0/15pa,92.0,40.9,73.2,54.5,True,9.1,True,27.3,True,14.2,False,0,0,,,False,,False,,False,,False,,,,1.27,Wind In (↗️ NE),66.1,Sunny
A,3,HOU,Yordan Alvarez,670541,L,0,False,Ryan Weathers,677960,Left,NYY,"SI, FF, ST, CH",824203,07:10 PM,HOU,NYY,8,2.88,False,False,False,False,4,4,0,0,0.788,121,0,7,3,42.9,15.5,26.7,116.0,54.3,0.2031,0.0,1.65,4.1,1.367,0.336,0.349,0.286,0.0,0.633,0.202,2.662,0.0,0.0853,0.3334,0.1517,0.649,0.0,32,4,96.7,56.2,75.2,31.2,True,12.5,True,37.5,True,14.9,False,68,4,SI(30%):1/21pa  |  FF(27%):2/25pa  |  ST(24%):0/11pa  |  CH(11%):1/11pa,96.0,42.6,74.7,47.1,True,4.4,False,36.8,True,23.1,True,0,0,,,False,,False,,False,,False,,,,1.04,Crosswind (⬇️ S),84.0,Thundery outbreaks in nearby
B,2,HOU,Isaac Paredes,670623,R,0,False,Ryan Weathers,677960,Left,NYY,"FF, CH, ST, SI",824203,07:10 PM,HOU,NYY,4,1.44,False,False,False,False,2,2,0,0,0.2202,90,0,7,1,14.3,15.5,26.7,116.0,54.3,0.2417,0.0,1.65,4.2,0.96,0.209,0.217,0.142,0.0,0.437,0.751,1.73,0.0,0.0513,0.2265,0.083,0.4081,0.0,26,2,89.5,26.9,65.2,26.9,False,0.0,False,30.8,True,19.2,True,58,2,FF(44%):1/27pa  |  CH(28%):0/11pa  |  ST(12%):1/4pa  |  SI(8%):0/16pa,90.7,22.4,65.5,34.5,True,0.0,False,20.7,False,22.8,True,0,0,,,False,,False,,False,,False,,,,1.04,Crosswind (⬇️ S),84.0,Thundery outbreaks in nearby
B,2,HOU,Yainer Diaz,673237,R,0,False,Ryan Weathers,677960,Left,NYY,"FF, CH, ST, SI",824203,07:10 PM,HOU,NYY,4,1.32,False,False,False,False,3,1,0,0,0.2606,80,0,4,2,50.0,15.5,26.7,116.0,54.3,0.1598,0.0,1.65,4.0,0.933,0.177,0.184,0.259,0.0,0.096,0.463,1.723,0.0,0.0465,0.2353,0.1099,0.4346,0.0,17,1,92.6,29.4,72.5,41.2,True,5.9,True,29.4,True,14.9,False,54,2,FF(44%):2/19pa  |  CH(28%):0/11pa  |  ST(12%):0/8pa  |  SI(8%):0/16pa,90.1,24.1,72.0,33.3,True,1.9,False,16.7,False,11.6,False,0,0,,,False,,False,,False,,False,,,,1.04,Crosswind (⬇️ S),84.0,Thundery outbreaks in nearby
A,3,KC,Michael Massey,686681,L,0,False,Walbert Urena,700712,Right,LAA,"FF, SI, CH",824121,07:10 PM,KC,LAA,7,2.46,False,False,False,False,4,3,0,0,0.7447,39,0,7,3,42.9,10.3,17.9,39.0,53.8,0.3335,0.0,1.15,3.6,0.754,0.14,0.115,0.386,0.0,0.0,1.016,1.561,0.0,0.0317,0.2079,0.1451,0.4303,0.0,24,1,91.6,41.7,71.6,33.3,True,4.2,False,45.8,True,20.5,True,27,1,FF(38%):0/14pa  |  SI(38%):0/4pa  |  CH(24%):1/9pa,90.7,37.0,71.9,37.0,True,3.7,False,29.6,True,14.5,False,0,0,,,False,,False,,False,,False,,,,0.82,Wind In (↗️ NE),65.7,Partly Cloudy
A,3,KC,Vinnie Pasquantino,686469,L,0,False,Walbert Urena,700712,Right,LAA,"FF, SI, CH",824121,07:10 PM,KC,LAA,6,2.28,False,False,False,False,2,4,0,0,0.4655,109,0,6,0,0.0,10.3,17.9,39.0,53.8,0.4053,0.0,1.15,4.3,0.609,0.217,0.178,0.091,0.035,0.518,0.841,1.422,0.0,0.0412,0.1412,0.0795,0.3295,0.0,27,2,89.4,37.0,67.3,40.7,False,0.0,False,25.9,True,17.4,False,80,3,FF(38%):0/45pa  |  SI(38%):2/25pa  |  CH(24%):1/10pa,90.4,27.5,69.1,40.0,True,2.5,False,23.8,True,19.9,True,0,0,,,False,,False,,False,,False,,,,0.82,Wind In (↗️ NE),65.7,Partly Cloudy
B,2,KC,Bobby Witt Jr.,677951,R,0,False,Walbert Urena,700712,Right,LAA,"SI, CH, FF, ST",824121,07:10 PM,KC,LAA,6,2.16,False,False,False,False,3,3,0,0,0.2542,114,0,7,2,28.6,10.3,17.9,39.0,53.8,0.0939,0.0,1.15,4.4,1.079,0.0,0.0,0.309,0.0,0.51,0.85,1.387,0.0,0.0,0.246,0.0705,0.3164,0.0,31,0,90.9,38.7,72.7,25.8,True,6.5,True,19.4,False,18.6,True,71,0,SI(46%):0/19pa  |  CH(24%):0/7pa  |  FF(20%):0/32pa  |  ST(10%):0/13pa,94.5,38.0,72.1,26.8,True,5.6,True,15.5,False,18.2,True,0,0,,,False,,False,,False,,False,,,,0.82,Wind In (↗️ NE),65.7,Partly Cloudy
A,3,LAA,Josh Lowe,666139,L,0,False,Cole Ragans,666142,Left,KC,"FF, SL, KC",824121,07:10 PM,KC,LAA,7,2.58,False,False,False,False,3,4,0,0,0.5017,72,0,6,2,33.3,21.5,22.6,93.0,50.5,0.1036,0.0,2.12,3.5,0.601,0.223,0.183,0.0,0.0,0.205,1.146,1.269,0.0,0.0528,0.1735,0.0644,0.3667,0.0,14,1,91.3,35.7,71.9,14.3,True,0.0,False,21.4,False,27.2,True,33,2,FF(56%):2/23pa  |  SL(30%):0/7pa  |  KC(7%):0/3pa,91.2,21.2,71.5,33.3,True,3.0,False,27.3,True,28.3,True,0,0,,,False,,False,,False,,False,,,,0.82,Wind In (↗️ NE),65.7,Partly Cloudy
B,2,LAA,Mike Trout,545361,R,0,False,Cole Ragans,666142,Left,KC,"FF, CH, SL, KC",824121,07:10 PM,KC,LAA,3,1.26,True,False,False,False,0,3,0,0,0.2315,121,0,7,1,14.3,21.5,22.6,93.0,50.5,0.4727,0.0,2.12,4.2,0.682,0.212,0.174,0.179,0.0,1.059,0.986,1.497,0.0,0.0411,0.1612,0.0924,0.3538,0.0,32,1,82.4,15.6,70.5,43.8,False,0.0,False,15.6,False,12.6,False,83,5,FF(46%):3/60pa  |  CH(29%):1/8pa  |  SL(10%):1/14pa  |  KC(8%):0/1pa,92.4,25.3,73.2,47.0,True,2.4,False,26.5,True,25.7,True,0,0,,,False,,False,,False,,False,,,,0.82,Wind In (↗️ NE),65.7,Partly Cloudy
C,1,LAA,Jo Adell,666176,R,0,False,Cole Ragans,666142,Left,KC,"FF, CH, SL, KC",824121,07:10 PM,KC,LAA,2,0.84,True,False,False,False,0,2,0,0,0.2917,118,0,7,2,28.6,21.5,22.6,93.0,50.5,0.4157,0.0,2.12,3.9,0.773,0.075,0.061,0.044,0.0,0.163,0.949,1.04,0.0,0.0157,0.1981,0.0304,0.2667,0.0,31,0,88.3,25.8,75.5,32.3,False,0.0,False,16.1,False,18.0,False,68,2,FF(46%):2/33pa  |  CH(29%):0/15pa  |  SL(10%):0/18pa  |  KC(8%):0/2pa,90.8,32.4,75.2,22.1,True,0.0,False,25.0,True,17.2,False,0,0,,,False,,False,,False,,False,,,,0.82,Wind In (↗️ NE),65.7,Partly Cloudy
A,3,LAD,Dalton Rushing,687221,L,0,False,Colin Rea,607067,Right,CHC,"FF, FS, CU, FC",823960,07:15 PM,LAD,CHC,8,2.88,False,False,False,False,4,4,0,0,0.7552,35,0,5,1,20.0,17.5,29.9,97.0,47.4,0.2146,0.0,1.93,3.0,0.8,0.518,0.663,0.11,0.0,0.628,0.737,2.463,0.0,0.2177,0.2629,0.2062,0.8093,0.0,17,3,88.6,29.4,71.8,29.4,False,5.9,True,35.3,True,34.1,True,18,3,FF(48%):1/8pa  |  FS(22%):0/1pa  |  CU(10%):2/8pa  |  FC(8%):0/1pa,96.0,27.8,71.9,44.4,True,0.0,False,22.2,True,27.7,True,0,0,,,False,,False,,False,,False,,,,1.28,Wind Out (↙️ SW),62.7,Partly Cloudy
A,3,LAD,Max Muncy,571970,L,0,False,Colin Rea,607067,Right,CHC,"FF, FS, CU, FC",823960,07:15 PM,LAD,CHC,7,2.58,False,False,False,False,3,4,0,0,0.7399,101,0,8,3,37.5,17.5,29.9,97.0,47.4,0.2725,0.0,1.93,3.9,1.079,0.332,0.425,0.163,0.0,0.332,0.938,2.238,0.0,0.1101,0.2795,0.1281,0.5796,0.0,34,4,92.4,38.2,71.0,38.2,True,2.9,False,26.5,True,12.3,False,58,4,FF(48%):1/28pa  |  FS(22%):0/6pa  |  CU(10%):0/16pa  |  FC(8%):3/8pa,92.7,32.8,70.6,29.3,True,5.2,True,29.3,True,17.5,False,0,0,,,False,,False,,False,,False,,,,1.28,Wind Out (↙️ SW),62.7,Partly Cloudy
A,3,LAD,Will Smith,669257,R,0,False,Colin Rea,607067,Right,CHC,"FF, ST, SI, SL",823960,07:15 PM,LAD,CHC,7,2.58,False,False,False,False,3,4,0,0,0.245,89,0,7,2,28.6,17.5,29.9,97.0,47.4,0.349,0.0,1.93,3.9,0.858,0.128,0.164,0.037,0.0,0.347,0.676,1.279,0.0,0.0417,0.2186,0.0419,0.3256,0.0,25,1,91.9,28.0,71.4,44.0,True,4.0,False,44.0,True,26.2,True,70,2,FF(37%):2/31pa  |  ST(21%):0/8pa  |  SI(20%):0/22pa  |  SL(14%):0/9pa,90.3,28.6,69.3,50.0,True,5.7,True,30.0,True,23.6,True,0,0,,,False,,False,,False,,False,,,,1.28,Wind Out (↙️ SW),62.7,Partly Cloudy
A,3,MIA,Xavier Edwards,669364,L,0,False,Robbie Ray,592662,Left,SF,"FF, SL",823229,04:05 PM,SF,MIA,6,2.16,False,False,False,False,3,3,0,0,0.7255,113,0,7,2,28.6,25.2,20.9,115.0,51.3,0.2046,0.0,0.82,4.5,1.292,0.048,0.043,0.431,0.097,0.717,0.478,2.061,0.0,0.0097,0.2902,0.1293,0.4629,0.0,33,0,92.9,33.3,67.8,45.5,True,6.1,True,15.2,False,12.4,False,60,1,FF(58%):1/49pa  |  SL(36%):0/11pa,90.0,31.7,67.7,51.7,True,5.0,True,21.7,False,15.3,False,0,0,,,False,,False,,False,,False,,,,0.9,Crosswind (⬅️ W),54.7,Patchy rain nearby
B,2,MIA,Liam Hicks,689414,L,0,False,Robbie Ray,592662,Left,SF,"FF, SL",823229,04:05 PM,SF,MIA,4,1.44,True,False,False,False,1,3,0,0,0.4829,93,0,7,4,57.1,25.2,20.9,115.0,51.3,0.1349,0.0,0.82,3.4,0.883,0.238,0.214,0.145,0.0,0.211,0.039,1.741,0.0,0.0637,0.2626,0.1138,0.5179,0.0,30,1,85.7,36.7,66.9,40.0,False,0.0,False,13.3,False,20.5,True,33,3,FF(58%):0/24pa  |  SL(36%):3/9pa,89.2,42.4,66.8,48.5,False,3.0,False,27.3,True,21.8,True,0,0,,,False,,False,,False,,False,,,,0.9,Crosswind (⬅️ W),54.7,Patchy rain nearby
B,2,MIA,Owen Caissie,683357,L,0,False,Robbie Ray,592662,Left,SF,"FF, SL",823229,04:05 PM,SF,MIA,3,1.26,True,False,False,False,0,3,0,0,0.4965,82,0,7,1,14.3,25.2,20.9,115.0,51.3,0.1413,0.0,0.82,3.4,0.582,0.058,0.052,0.21,0.0,0.162,1.557,0.965,0.0,0.0154,0.1726,0.0793,0.2862,0.0,25,0,86.0,24.0,70.0,28.0,False,0.0,False,4.0,False,8.2,False,38,1,FF(58%):1/25pa  |  SL(36%):0/13pa,90.2,28.9,72.1,39.5,True,0.0,False,21.1,False,19.5,True,0,0,,,False,,False,,False,,False,,,,0.9,Crosswind (⬅️ W),54.7,Patchy rain nearby
A,3,MIL,Jake Bauers,641343,L,0,False,Mitch Keller,656605,Right,PIT,"FF, SL, ST, CH",823799,07:10 PM,MIL,PIT,7,2.46,False,False,False,False,4,3,0,0,0.5322,86,0,6,3,50.0,13.9,28.7,115.0,57.4,0.1399,0.0134,0.0,2.9,0.798,0.146,0.155,0.114,0.0,0.114,0.492,1.35,0.0,0.053,0.273,0.089,0.462,0.0,25,0,94.6,44.0,76.2,36.0,True,0.0,False,24.0,True,19.1,True,52,4,FF(44%):2/30pa  |  SL(14%):2/11pa  |  ST(13%):0/5pa  |  CH(13%):0/6pa,93.5,38.5,75.9,30.8,True,3.8,False,26.9,True,17.5,False,0,0,,,False,,False,,False,,False,,,,1.06,Wind In (↗️ NE),54.0,Sunny
B,2,MIL,Brice Turang,668930,L,0,False,Mitch Keller,656605,Right,PIT,"FF, SL, ST, CH",823799,07:10 PM,MIL,PIT,3,1.14,False,False,False,False,1,2,0,0,0.752,109,0,7,1,14.3,13.9,28.7,115.0,57.4,0.2281,0.0219,0.0,4.3,0.73,0.171,0.181,0.169,0.0,0.82,0.989,1.413,0.0,0.0418,0.1679,0.0782,0.3249,0.0,34,1,91.8,29.4,71.7,29.4,True,2.9,False,11.8,False,3.2,False,67,3,FF(44%):2/39pa  |  SL(14%):1/15pa  |  ST(13%):0/2pa  |  CH(13%):0/11pa,92.8,32.8,67.2,41.8,True,3.0,False,20.9,False,14.1,False,0,0,,,False,,False,,False,,False,,,,1.06,Wind In (↗️ NE),54.0,Sunny
B,2,MIL,Gary Sánchez,596142,R,0,False,Mitch Keller,656605,Right,PIT,"ST, SI, FF, SL",823799,07:10 PM,MIL,PIT,3,1.14,False,False,False,False,1,2,0,0,0.258,69,0,6,2,33.3,13.9,28.7,115.0,57.4,0.2921,0.028,0.0,3.5,0.631,0.135,0.143,0.136,0.046,0.587,0.677,1.262,0.0,0.0405,0.1793,0.0897,0.3584,0.0,27,0,90.3,22.2,71.5,33.3,True,0.0,False,11.1,False,9.6,False,51,3,ST(33%):0/3pa  |  SI(25%):0/12pa  |  FF(24%):3/23pa  |  SL(16%):0/13pa,90.2,23.5,70.5,37.3,True,5.9,True,13.7,False,10.7,False,0,0,,,False,,False,,False,,False,,,,1.06,Wind In (↗️ NE),54.0,Sunny
A,3,MIN,Ryan Jeffers,680777,R,0,False,Shane McClanahan,663556,Left,TB,"FF, CH, SL, CU",822989,04:10 PM,TB,MIN,6,2.16,False,False,False,False,3,3,0,0,0.2514,75,0,6,1,16.7,17.5,27.5,80.0,52.5,0.1976,0.0,2.0,4.0,0.56,0.069,0.068,0.117,0.128,0.817,0.619,1.143,0.0,0.0172,0.1411,0.0793,0.2877,0.0,20,1,92.8,15.0,72.4,60.0,True,0.0,False,40.0,True,34.8,True,44,0,FF(38%):0/17pa  |  CH(32%):0/12pa  |  SL(25%):0/9pa  |  CU(5%):0/6pa,92.2,25.0,73.2,47.7,True,2.3,False,22.7,True,19.9,True,0,0,,,False,,False,,False,,False,,,,0.98,Crosswind (⬅️ W),88.2,Sunny
B,2,MIN,Ryan Kreidler,668952,R,0,False,Shane McClanahan,663556,Left,TB,"FF, CH, SL, CU",822989,04:10 PM,TB,MIN,5,1.64,False,False,False,False,3,2,0,0,0.2515,18,0,3,1,33.3,17.5,27.5,80.0,52.5,0.0,0.0,2.0,3.1,0.553,0.277,0.271,0.277,0.0,0.602,0.721,1.659,0.0,0.0874,0.1783,0.1783,0.535,0.0,10,1,96.7,20.0,72.9,50.0,True,10.0,True,20.0,False,32.2,True,12,1,FF(38%):1/5pa  |  CH(32%):0/3pa  |  SL(25%):0/2pa  |  CU(5%):0/2pa,88.5,16.7,74.7,33.3,False,8.3,True,16.7,False,33.6,True,0,0,,,False,,False,,False,,False,,,,0.98,Crosswind (⬅️ W),88.2,Sunny
A,3,NYM,Francisco Lindor,596019,L,0,False,Jose Quintana,500779,Left,COL,"SI, SV, FF",823637,04:10 PM,NYM,COL,9,3.18,False,False,False,False,5,4,0,0,0.7907,105,0,5,2,40.0,24.2,27.4,62.0,64.5,0.4519,0.1717,2.1,4.6,1.076,0.202,0.178,0.089,0.0,0.484,0.606,1.772,0.0,0.0387,0.2342,0.0634,0.3856,0.0,18,1,96.8,44.4,74.7,55.6,True,5.6,True,33.3,True,18.4,True,53,2,SI(48%):0/11pa  |  SV(32%):0/0pa  |  FF(14%):2/42pa,91.8,34.0,73.1,60.4,True,1.9,False,30.2,True,21.8,True,0,0,,,False,,False,,False,,False,,,,0.88,Crosswind (➡️ E),44.1,Patchy rain nearby
B,2,NYM,Carson Benge,701807,L,0,False,Jose Quintana,500779,Left,COL,"SI, SV, FF",823637,04:10 PM,NYM,COL,5,1.74,False,False,False,False,3,2,0,0,0.5326,80,0,6,2,33.3,24.2,27.4,62.0,64.5,0.2598,0.0987,2.1,3.6,0.622,0.06,0.053,0.187,0.0,0.314,0.813,0.99,0.0,0.0147,0.1721,0.0685,0.2739,0.0,21,1,94.9,42.9,73.7,38.1,True,0.0,False,23.8,True,14.7,False,37,0,SI(48%):0/8pa  |  SV(32%):0/0pa  |  FF(14%):0/29pa,91.3,27.0,71.1,32.4,True,0.0,False,18.9,False,11.1,False,0,0,,,False,,False,,False,,False,,,,0.88,Crosswind (➡️ E),44.1,Patchy rain nearby
B,2,NYM,MJ Melendez,669004,L,0,False,Jose Quintana,500779,Left,COL,"SI, SV, FF",823637,04:10 PM,NYM,COL,5,1.74,False,False,False,False,3,2,0,0,0.4238,19,0,5,1,20.0,24.2,27.4,62.0,64.5,0.03,0.0114,2.1,3.2,0.839,0.28,0.246,0.206,0.0,0.56,1.546,1.884,0.0,0.0777,0.265,0.1533,0.595,0.0,15,1,99.2,26.7,69.2,46.7,True,0.0,False,20.0,False,32.3,True,10,1,SI(48%):0/3pa  |  SV(32%):0/0pa  |  FF(14%):1/7pa,104.3,30.0,71.7,50.0,True,0.0,False,10.0,False,21.7,True,0,0,,,False,,False,,False,,False,,,,0.88,Crosswind (➡️ E),44.1,Patchy rain nearby
A,3,NYY,Trent Grisham,663757,L,0,False,Mike Burrows,681347,Right,HOU,"FF, CH, SL, CU",824203,07:10 PM,HOU,NYY,6,2.16,False,False,False,False,3,3,0,0,0.5042,92,0,5,2,40.0,18.0,25.4,122.0,53.3,0.1855,0.0,2.08,4.1,0.596,0.215,0.224,0.0,0.047,0.644,0.716,1.335,0.0,0.0538,0.1437,0.0631,0.3217,0.0,20,1,92.0,30.0,70.0,35.0,True,0.0,False,30.0,True,13.2,False,57,3,FF(41%):1/37pa  |  CH(39%):1/11pa  |  SL(9%):1/8pa  |  CU(9%):0/1pa,92.4,36.8,69.6,43.9,True,3.5,False,28.1,True,15.6,False,0,0,,,False,,False,,False,,False,,,,1.04,Crosswind (⬇️ S),84.0,Thundery outbreaks in nearby
B,2,NYY,Ryan McMahon,641857,L,0,False,Mike Burrows,681347,Right,HOU,"FF, CH, SL, CU",824203,07:10 PM,HOU,NYY,6,2.04,False,False,False,False,4,2,0,0,0.7758,63,0,7,0,0.0,18.0,25.4,122.0,53.3,0.6016,0.0,2.08,3.2,0.517,0.238,0.248,0.0,0.0,0.494,1.179,1.232,0.0,0.0764,0.1596,0.0735,0.3802,0.0,13,2,95.1,38.5,75.4,38.5,True,7.7,True,23.1,True,12.4,False,33,1,FF(41%):0/14pa  |  CH(39%):1/7pa  |  SL(9%):0/11pa  |  CU(9%):0/1pa,92.3,27.3,70.4,18.2,True,0.0,False,18.2,False,11.9,False,0,0,,,False,,False,,False,,False,,,,1.04,Crosswind (⬇️ S),84.0,Thundery outbreaks in nearby
B,2,NYY,Cody Bellinger,641355,L,0,False,Mike Burrows,681347,Right,HOU,"FF, CH, SL, CU",824203,07:10 PM,HOU,NYY,5,1.86,False,False,False,False,2,3,0,0,0.7627,108,0,7,2,28.6,18.0,25.4,122.0,53.3,0.553,0.0,2.08,4.3,1.047,0.221,0.23,0.171,0.04,0.523,0.554,1.962,0.0,0.0537,0.2441,0.1009,0.4576,0.0,30,2,92.2,30.0,70.9,46.7,True,3.3,False,20.0,False,12.1,False,69,3,FF(41%):0/38pa  |  CH(39%):0/16pa  |  SL(9%):2/11pa  |  CU(9%):1/4pa,88.2,24.6,69.3,42.0,False,2.9,False,30.4,True,25.3,True,0,0,,,False,,False,,False,,False,,,,1.04,Crosswind (⬇️ S),84.0,Thundery outbreaks in nearby
A,3,PHI,Bryson Stott,681082,L,0,False,Bryce Elder,693821,Right,ATL,"SL, SI, FF, CH",824933,07:15 PM,ATL,PHI,6,2.16,False,False,False,False,3,3,0,0,0.5042,76,0,5,1,20.0,16.9,22.9,118.0,63.6,0.1039,0.0357,1.35,3.9,0.891,0.0,0.0,0.132,0.0,0.155,0.471,1.022,0.0,0.0,0.2283,0.0339,0.2621,0.0,17,0,89.9,41.2,71.0,5.9,False,0.0,False,23.5,True,19.3,True,49,0,SL(34%):0/8pa  |  SI(30%):0/6pa  |  FF(19%):0/21pa  |  CH(15%):0/14pa,93.2,46.9,69.8,26.5,True,2.0,False,26.5,True,15.4,False,0,0,,,False,,False,,False,,False,,,,1.02,Crosswind (⬅️ W),69.7,Patchy rain nearby
B,2,PHI,Kyle Schwarber,656941,L,0,False,Bryce Elder,693821,Right,ATL,"SL, SI, FF, CH",824933,07:15 PM,ATL,PHI,6,1.8,True,False,False,False,3,3,0,0,0.5461,117,0,8,2,25.0,16.9,22.9,118.0,63.6,0.3754,0.1291,1.35,4.5,0.614,0.307,0.313,0.08,0.0,0.657,1.541,1.615,0.0,0.0697,0.1366,0.086,0.3591,0.0,37,2,92.9,32.4,74.9,35.1,True,0.0,False,18.9,False,18.6,True,79,6,SL(34%):1/19pa  |  SI(30%):2/13pa  |  FF(19%):1/31pa  |  CH(15%):2/16pa,93.3,26.6,73.5,32.9,True,1.3,False,20.3,False,21.7,True,0,0,,,False,,False,,False,,False,,,,1.02,Crosswind (⬅️ W),69.7,Patchy rain nearby
B,2,PHI,Brandon Marsh,669016,L,0,False,Bryce Elder,693821,Right,ATL,"SL, SI, FF, CH",824933,07:15 PM,ATL,PHI,5,1.74,False,False,False,False,3,2,0,0,0.7619,90,0,6,2,33.3,16.9,22.9,118.0,63.6,0.1906,0.0656,1.35,3.5,0.889,0.208,0.212,0.036,0.0,0.158,0.614,1.549,0.0,0.0608,0.2544,0.0698,0.4435,0.0,24,2,94.3,50.0,70.9,16.7,True,4.2,False,25.0,True,14.7,False,64,3,SL(34%):0/9pa  |  SI(30%):1/10pa  |  FF(19%):2/36pa  |  CH(15%):0/9pa,92.0,37.5,69.1,31.2,True,4.7,False,21.9,False,9.6,False,0,0,,,False,,False,,False,,False,,,,1.02,Crosswind (⬅️ W),69.7,Patchy rain nearby
A,3,PIT,Brandon Lowe,664040,L,0,False,Jacob Misiorowski,694819,Right,MIL,"FF, CU, SL, CH",823799,07:10 PM,MIL,PIT,5,1.74,False,False,False,False,3,2,0,0,0.7728,102,0,5,2,40.0,13.5,18.9,111.0,45.0,0.237,0.0,1.23,4.3,0.867,0.235,0.249,0.37,0.0,0.53,1.27,1.94,0.0,0.0575,0.2,0.1395,0.4478,0.0,25,0,90.1,24.0,73.5,32.0,True,4.0,False,24.0,True,17.9,False,60,5,FF(51%):3/24pa  |  CU(22%):0/11pa  |  SL(16%):1/13pa  |  CH(11%):1/12pa,88.8,25.0,70.6,30.0,False,5.0,True,16.7,False,15.7,False,0,0,,,False,,False,,False,,False,,,,1.06,Wind In (↗️ NE),54.0,Sunny
B,2,PIT,Marcell Ozuna,542303,R,0,False,Jacob Misiorowski,694819,Right,MIL,"FF, SL, CU",823799,07:10 PM,MIL,PIT,4,1.44,False,False,False,False,2,2,0,0,0.2744,92,0,7,3,42.9,13.5,18.9,111.0,45.0,0.1186,0.0,1.23,4.1,0.665,0.046,0.049,0.144,0.0,0.193,1.294,0.947,0.0,0.012,0.1633,0.0467,0.2325,0.0,31,1,89.0,25.8,73.9,29.0,False,3.2,False,25.8,True,25.8,True,54,0,FF(49%):0/36pa  |  SL(34%):0/15pa  |  CU(17%):0/3pa,90.6,25.9,72.7,38.9,True,1.9,False,16.7,False,30.5,True,0,0,,,False,,False,,False,,False,,,,1.06,Wind In (↗️ NE),54.0,Sunny
B,2,PIT,Nick Yorke,694377,R,0,False,Jacob Misiorowski,694819,Right,MIL,"FF, SL, CU",823799,07:10 PM,MIL,PIT,4,1.44,False,False,False,False,2,2,0,0,0.2722,71,0,3,1,33.3,13.5,18.9,111.0,45.0,0.4057,0.0,1.23,3.5,0.595,0.087,0.092,0.168,0.0,0.504,0.426,1.024,0.0,0.0265,0.1704,0.0731,0.2935,0.0,14,1,94.9,50.0,73.4,21.4,True,0.0,False,28.6,True,3.2,False,27,0,FF(49%):0/18pa  |  SL(34%):0/6pa  |  CU(17%):0/3pa,90.1,33.3,71.7,44.4,True,0.0,False,22.2,True,15.1,False,0,0,,,False,,False,,False,,False,,,,1.06,Wind In (↗️ NE),54.0,Sunny
B,2,SD,Gavin Sheets,657757,L,0,False,Zac Gallen,668678,Right,AZ,"FF, CH, KC, FC",825093,06:05 PM,AZ,SD,5,1.98,False,False,False,False,1,4,0,0,0.566,79,0,6,1,16.7,20.9,38.2,110.0,67.3,0.416,0.2047,1.93,3.7,0.65,0.18,0.185,0.347,0.0,0.18,0.65,1.536,0.0,0.0502,0.1762,0.1427,0.4162,0.0,19,1,89.4,47.4,75.2,42.1,False,0.0,False,21.1,False,4.7,False,43,2,FF(39%):1/29pa  |  CH(26%):0/11pa  |  KC(26%):0/0pa  |  FC(7%):1/3pa,90.6,37.2,74.8,25.6,True,7.0,True,18.6,False,18.7,True,0,0,,,False,,False,,False,,False,,,,1.03,Crosswind (↙️ SW),83.0,Sunny
B,2,SD,Xander Bogaerts,593428,R,0,False,Zac Gallen,668678,Right,AZ,"FF, KC, SL, CH",825093,06:05 PM,AZ,SD,4,1.44,False,False,False,False,2,2,0,0,0.2377,101,0,6,1,16.7,20.9,38.2,110.0,67.3,0.0462,0.0227,1.93,4.1,1.201,0.202,0.208,0.072,0.0,0.654,0.392,1.878,0.0,0.0512,0.2953,0.0673,0.462,0.0,24,1,92.0,33.3,67.6,41.7,True,0.0,False,25.0,True,4.8,False,37,2,FF(47%):2/27pa  |  KC(21%):0/1pa  |  SL(14%):0/5pa  |  CH(8%):0/4pa,93.5,40.5,72.1,48.6,True,5.4,True,18.9,False,12.7,False,0,0,,,False,,False,,False,,False,,,,1.03,Crosswind (↙️ SW),83.0,Sunny
C,1,SD,Luis Campusano,669134,R,0,False,Zac Gallen,668678,Right,AZ,"FF, KC, SL, CH",825093,06:05 PM,AZ,SD,2,0.84,True,False,False,False,0,2,0,0,0.2764,39,0,4,0,0.0,20.9,38.2,110.0,67.3,0.3107,0.1529,1.93,2.8,1.05,0.23,0.237,0.46,0.0,0.46,0.721,2.199,0.0,0.0838,0.3721,0.2443,0.7793,0.0,10,1,84.3,30.0,70.3,20.0,False,0.0,False,10.0,False,-0.2,False,14,1,FF(47%):0/10pa  |  KC(21%):0/0pa  |  SL(14%):1/2pa  |  CH(8%):0/2pa,96.9,42.9,73.0,35.7,True,0.0,False,21.4,False,30.2,True,0,0,,,False,,False,,False,,False,,,,1.03,Crosswind (↙️ SW),83.0,Sunny
A,3,SEA,Dominic Canzone,686527,L,0,False,Matthew Liberatore,669461,Left,STL,"SL, FF, SI, CU",823070,02:15 PM,STL,SEA,7,2.7,False,False,False,False,2,5,0,0,0.7467,64,0,6,1,16.7,27.4,31.6,117.0,52.1,0.097,0.0,1.64,3.2,1.035,0.222,0.198,0.288,0.0,0.222,0.733,1.99,0.0,0.0617,0.3229,0.1593,0.6208,0.0,17,1,95.8,35.3,70.0,29.4,True,5.9,True,11.8,False,16.0,False,40,3,SL(40%):1/10pa  |  FF(25%):1/17pa  |  SI(21%):1/7pa  |  CU(8%):0/6pa,95.7,37.5,71.9,20.0,True,7.5,True,30.0,True,23.1,True,0,0,,,False,,False,,False,,False,,,,0.89,Crosswind (➡️ E),77.9,Sunny
B,2,SEA,Luke Raley,670042,L,0,False,Matthew Liberatore,669461,Left,STL,"SL, FF, SI, CU",823070,02:15 PM,STL,SEA,5,1.74,False,False,False,False,3,2,0,0,0.5145,81,0,7,0,0.0,27.4,31.6,117.0,52.1,0.0703,0.0,1.64,3.1,0.622,0.151,0.134,0.196,0.0,0.382,1.105,1.273,0.0,0.043,0.1983,0.1108,0.4058,0.0,15,1,97.6,26.7,72.8,46.7,True,0.0,False,20.0,False,28.1,True,52,2,SL(40%):0/12pa  |  FF(25%):2/27pa  |  SI(21%):0/6pa  |  CU(8%):0/7pa,90.9,30.8,73.7,38.5,True,1.9,False,17.3,False,13.4,False,0,0,,,False,,False,,False,,False,,,,0.89,Crosswind (➡️ E),77.9,Sunny
B,2,SEA,Cole Young,702284,L,0,False,Matthew Liberatore,669461,Left,STL,"SL, FF, SI, CU",823070,02:15 PM,STL,SEA,4,1.44,False,False,False,False,2,2,0,0,0.5203,108,0,7,1,14.3,27.4,31.6,117.0,52.1,0.5407,0.0,1.64,3.6,0.864,0.059,0.053,0.059,0.029,0.396,0.616,1.16,0.0,0.0147,0.2408,0.0411,0.3231,0.0,29,0,93.9,44.8,72.7,48.3,True,0.0,False,13.8,False,18.2,True,79,2,SL(40%):1/13pa  |  FF(25%):1/37pa  |  SI(21%):0/24pa  |  CU(8%):0/5pa,86.9,26.6,69.8,44.3,False,3.8,False,15.2,False,20.6,True,0,0,,,False,,False,,False,,False,,,,0.89,Crosswind (➡️ E),77.9,Sunny
B,2,SF,Casey Schmitt,669477,R,0,False,Eury Pérez,691587,Right,MIA,"FF, SL, ST",823229,04:05 PM,SF,MIA,6,2.16,False,False,False,False,3,3,0,0,0.233,81,0,6,3,50.0,21.4,28.6,112.0,53.6,0.4194,0.0,1.8,3.7,0.87,0.048,0.043,0.212,0.0,0.059,0.706,1.226,0.0,0.0117,0.2363,0.0706,0.3328,0.0,27,1,91.3,37.0,70.0,18.5,True,3.7,False,44.4,True,23.0,True,41,0,FF(57%):0/22pa  |  SL(20%):0/6pa  |  ST(14%):0/13pa,91.5,41.5,70.6,36.6,True,0.0,False,36.6,True,23.8,True,0,0,,,False,,False,,False,,False,,,,0.9,Crosswind (⬅️ W),54.7,Patchy rain nearby
B,2,SF,Luis Arraez,650333,L,0,False,Eury Pérez,691587,Right,MIA,"FF, SL, CU, CH",823229,04:05 PM,SF,MIA,3,1.26,True,False,False,False,0,3,0,0,0.4743,106,0,7,0,0.0,21.4,28.6,112.0,53.6,0.0169,0.0,1.8,4.1,1.154,0.0,0.0,0.0,0.046,0.138,0.091,1.245,0.0,0.0,0.2782,0.011,0.3002,0.0,31,0,84.8,19.4,60.0,12.9,False,0.0,False,12.9,False,10.8,False,59,0,FF(59%):0/37pa  |  SL(18%):0/11pa  |  CU(13%):0/5pa  |  CH(7%):0/6pa,84.4,15.3,61.2,28.8,False,0.0,False,30.5,True,20.1,True,0,0,,,False,,False,,False,,False,,,,0.9,Crosswind (⬅️ W),54.7,Patchy rain nearby
B,2,SF,Daniel Susac,691740,R,0,False,Eury Pérez,691587,Right,MIA,"FF, SL, ST",823229,04:05 PM,SF,MIA,3,1.26,False,False,False,False,0,3,0,0,0.2227,24,0,4,0,0.0,21.4,28.6,112.0,53.6,0.15,0.0,1.8,2.6,1.151,0.0,0.0,0.341,0.156,0.0,0.341,1.804,0.0,0.0,0.4355,0.1882,0.6827,0.0,10,0,86.6,10.0,69.0,20.0,False,0.0,False,20.0,False,6.5,False,11,0,FF(57%):0/7pa  |  SL(20%):0/2pa  |  ST(14%):0/2pa,90.5,36.4,69.0,9.1,True,9.1,True,27.3,True,10.7,False,0,0,,,False,,False,,False,,False,,,,0.9,Crosswind (⬅️ W),54.7,Patchy rain nearby
B,2,STL,Nolan Gorman,669357,L,0,False,Bryan Woo,693433,Right,SEA,"FF, SI, CH, SL",823070,02:15 PM,STL,SEA,6,2.16,False,False,False,False,3,3,0,0,0.4853,92,0,7,2,28.6,25.2,31.7,123.0,47.2,0.214,0.0,0.66,3.8,0.842,0.158,0.141,0.164,0.0,0.354,0.804,1.481,0.0,0.0371,0.2217,0.085,0.39,0.0,30,1,90.1,30.0,69.7,40.0,True,0.0,False,20.0,False,19.6,True,65,3,FF(51%):2/24pa  |  SI(20%):0/7pa  |  CH(13%):0/21pa  |  SL(12%):1/13pa,88.3,27.7,71.0,44.6,False,0.0,False,24.6,True,22.2,True,0,0,,,False,,False,,False,,False,,,,0.89,Crosswind (➡️ E),77.9,Sunny
B,2,STL,Alec Burleson,676475,L,0,False,Bryan Woo,693433,Right,SEA,"FF, SI, CH, SL",823070,02:15 PM,STL,SEA,4,1.44,False,False,False,False,2,2,0,0,0.5085,107,0,6,1,16.7,25.2,31.7,123.0,47.2,0.3134,0.0,0.66,4.2,1.085,0.123,0.109,0.335,0.0,0.315,0.704,1.79,0.0,0.0263,0.2611,0.1102,0.4306,0.0,27,1,89.2,29.6,71.9,22.2,False,0.0,False,25.9,True,3.6,False,78,2,FF(51%):2/31pa  |  SI(20%):0/18pa  |  CH(13%):0/18pa  |  SL(12%):0/11pa,91.1,37.2,70.9,26.9,True,1.3,False,19.2,False,6.9,False,0,0,,,False,,False,,False,,False,,,,0.89,Crosswind (➡️ E),77.9,Sunny
C,1,STL,Jordan Walker,691023,R,0,False,Bryan Woo,693433,Right,SEA,"SI, FF, ST, SL",823070,02:15 PM,STL,SEA,3,1.02,True,False,False,False,1,2,0,0,0.2697,102,0,6,0,0.0,25.2,31.7,123.0,47.2,0.3693,0.0,0.66,3.9,0.829,0.198,0.176,0.15,0.0,0.416,1.334,1.573,0.0,0.045,0.2122,0.0889,0.4025,0.0,27,0,92.8,18.5,73.6,33.3,True,3.7,False,11.1,False,10.8,False,77,6,SI(42%):1/28pa  |  FF(32%):3/23pa  |  ST(17%):1/18pa  |  SL(8%):1/8pa,94.9,33.8,76.1,32.5,True,5.2,True,18.2,False,11.1,False,0,0,,,False,,False,,False,,False,,,,0.89,Crosswind (➡️ E),77.9,Sunny
A,3,TB,Jake Fraley,641584,L,0,False,Bailey Ober,641927,Right,MIN,"CH, FF, SL",822989,04:10 PM,TB,MIN,6,2.16,False,False,False,False,3,3,0,0,0.7165,53,0,4,1,25.0,20.7,23.4,111.0,52.3,0.2069,0.0,2.1,3.0,0.573,0.058,0.057,0.211,0.0,0.269,0.748,0.959,0.0,0.0193,0.1939,0.0909,0.3242,0.0,11,0,81.2,18.2,68.2,45.5,False,9.1,True,27.3,True,16.0,False,33,1,CH(42%):0/5pa  |  FF(39%):1/22pa  |  SL(13%):0/6pa,85.4,15.2,69.9,51.5,False,0.0,False,27.3,True,28.4,True,0,0,,,False,,False,,False,,False,,,,0.98,Crosswind (⬅️ W),88.2,Sunny
B,2,TB,Cedric Mullins,656775,L,0,False,Bailey Ober,641927,Right,MIN,"CH, FF, SL",822989,04:10 PM,TB,MIN,5,1.76,False,False,False,False,2,3,0,0,0.4797,89,0,6,2,33.3,20.7,23.4,111.0,52.3,0.5388,0.0,2.1,3.8,0.516,0.154,0.151,0.055,0.0,0.203,0.768,1.032,0.0,0.0398,0.1363,0.0552,0.2727,0.0,24,1,89.8,29.2,68.0,33.3,False,0.0,False,29.2,True,37.4,False,50,2,CH(42%):1/10pa  |  FF(39%):1/36pa  |  SL(13%):0/4pa,85.2,24.0,68.1,40.0,False,0.0,False,30.0,True,31.6,True,0,0,,,False,,False,,False,,False,,,,0.98,Crosswind (⬅️ W),88.2,Sunny
B,2,TB,Jonathan Aranda,666018,L,0,False,Bailey Ober,641927,Right,MIN,"CH, FF, SL",822989,04:10 PM,TB,MIN,3,1.14,False,False,False,False,1,2,0,0,0.472,112,0,7,1,14.3,20.7,23.4,111.0,52.3,0.1502,0.0,2.1,4.0,0.702,0.255,0.25,0.115,0.0,0.795,0.987,1.582,0.0,0.0624,0.1751,0.0924,0.3949,0.0,30,3,90.4,20.0,69.1,43.3,True,0.0,False,13.3,False,9.6,False,68,3,CH(42%):0/11pa  |  FF(39%):1/44pa  |  SL(13%):2/13pa,92.0,26.5,69.0,42.6,True,1.5,False,19.1,False,15.1,False,0,0,,,False,,False,,False,,False,,,,0.98,Crosswind (⬅️ W),88.2,Sunny
A,3,TEX,Evan Carter,694497,L,0,False,Jeffrey Springs,605488,Left,ATH,"FF, SL, ST",822910,07:05 PM,TEX,ATH,6,2.28,False,False,False,False,2,4,0,0,0.727,95,0,7,2,28.6,20.7,21.6,116.0,48.3,0.1869,0.0,1.64,3.6,0.749,0.179,0.183,0.133,0.0,0.354,0.749,1.419,0.0,0.0509,0.2091,0.0871,0.396,0.0,30,1,84.0,30.0,66.7,33.3,False,3.3,False,20.0,False,22.9,True,51,3,FF(43%):3/35pa  |  SL(39%):0/12pa  |  ST(12%):0/4pa,87.7,33.3,67.9,39.2,False,5.9,True,29.4,True,23.8,True,0,0,,,False,,False,,False,,False,,,,1.02,Wind Out (⬇️ S),88.6,Sunny
A,3,TEX,Josh Smith,669701,L,0,False,Jeffrey Springs,605488,Left,ATH,"FF, SL, ST",822910,07:05 PM,TEX,ATH,6,2.16,False,False,False,False,3,3,0,0,0.4861,89,0,7,1,14.3,20.7,21.6,116.0,48.3,0.1673,0.0,1.64,3.9,0.646,0.0,0.0,0.058,0.0,0.586,0.648,0.703,0.0,0.0,0.1636,0.0146,0.1782,0.0,24,0,93.0,29.2,69.3,45.8,True,0.0,False,20.8,False,19.8,True,43,0,FF(43%):0/28pa  |  SL(39%):0/8pa  |  ST(12%):0/7pa,88.2,27.9,68.9,39.5,False,0.0,False,32.6,True,21.1,True,0,0,,,False,,False,,False,,False,,,,1.02,Wind Out (⬇️ S),88.6,Sunny
B,2,TEX,Joc Pederson,592626,L,0,False,Jeffrey Springs,605488,Left,ATH,"FF, SL, ST",822910,07:05 PM,TEX,ATH,5,1.86,True,False,False,False,1,4,0,0,0.4755,71,0,7,1,14.3,20.7,21.6,116.0,48.3,0.1726,0.0,1.64,3.2,0.715,0.053,0.054,0.0,0.0,0.658,0.965,0.873,0.0,0.017,0.2261,0.0167,0.2761,0.0,23,0,96.9,26.1,63.2,39.1,True,0.0,False,4.3,False,9.9,False,39,1,FF(43%):1/21pa  |  SL(39%):0/15pa  |  ST(12%):0/3pa,93.6,33.3,67.4,38.5,True,0.0,False,23.1,True,23.6,True,0,0,,,False,,False,,False,,False,,,,1.02,Wind Out (⬇️ S),88.6,Sunny
B,2,TOR,Eloy Jiménez,650391,R,0,False,Joey Cantillo,676282,Left,CLE,"FF, CH, CU",822826,03:07 PM,TOR,CLE,4,1.44,False,False,False,False,2,2,0,0,0.2506,27,0,6,1,16.7,17.5,25.2,103.0,50.5,0.115,0.0,2.1,2.8,1.045,0.0,0.0,0.0,0.0,0.554,0.107,1.045,0.0,0.0,0.3799,0.0,0.3799,0.0,18,0,92.8,44.4,71.8,22.2,True,5.6,True,16.7,False,6.9,False,8,0,FF(45%):0/7pa  |  CH(34%):0/1pa  |  CU(17%):0/0pa,97.2,62.5,71.5,25.0,True,12.5,True,12.5,False,3.5,False,0,0,,,False,,False,,False,,False,,,,1.03,Wind In (↗️ NE),45.5,Patchy light drizzle
B,2,TOR,Davis Schneider,676914,R,0,False,Joey Cantillo,676282,Left,CLE,"FF, CH, CU",822826,03:07 PM,TOR,CLE,4,1.44,False,False,False,False,2,2,0,0,0.2316,46,0,4,0,0.0,17.5,25.2,103.0,50.5,0.4899,0.0,2.1,2.9,0.287,0.072,0.074,0.144,0.0,0.685,0.776,0.646,0.0,0.0258,0.1,0.075,0.225,0.0,11,0,87.0,9.1,67.1,45.5,False,0.0,False,27.3,True,26.0,True,26,1,FF(45%):0/18pa  |  CH(34%):1/6pa  |  CU(17%):0/2pa,94.8,23.1,71.7,46.2,True,3.8,False,19.2,False,30.2,True,0,0,,,False,,False,,False,,False,,,,1.03,Wind In (↗️ NE),45.5,Patchy light drizzle
B,2,TOR,Jesús Sánchez,660821,L,0,False,Joey Cantillo,676282,Left,CLE,"FF, SL, CH, CU",822826,03:07 PM,TOR,CLE,3,1.14,False,False,False,False,1,2,0,0,0.7647,83,0,7,2,28.6,17.5,25.2,103.0,50.5,0.272,0.0,2.1,3.3,0.822,0.145,0.149,0.094,0.0,0.29,0.674,1.351,0.0,0.0448,0.2467,0.0717,0.4054,0.0,23,1,97.0,47.8,72.1,30.4,True,4.3,False,8.7,False,4.8,False,46,2,FF(46%):1/23pa  |  SL(24%):0/6pa  |  CH(18%):0/8pa  |  CU(12%):1/9pa,92.6,34.8,71.5,28.3,True,2.2,False,17.4,False,7.5,False,0,0,,,False,,False,,False,,False,,,,1.03,Wind In (↗️ NE),45.5,Patchy light drizzle
A,3,WSH,Daylen Lile,695734,L,0,False,Unknown (702273),702273,?,CWS,"FF, SI, ST, FC",824613,04:10 PM,CWS,WSH,7,2.46,False,False,False,False,4,3,0,0,0.7417,118,0,7,2,28.6,15.8,18.4,38.0,47.4,0.3934,0.0,0.0,4.1,1.292,0.221,0.214,0.301,0.0,0.61,0.518,2.256,0.0,0.0529,0.3183,0.1287,0.556,0.0,31,3,88.9,32.3,69.7,38.7,False,9.7,True,35.5,True,23.3,True,63,2,FF(42%):1/27pa  |  SI(21%):1/19pa  |  ST(18%):0/9pa  |  FC(8%):0/8pa,88.3,27.0,69.3,38.1,False,3.2,False,25.4,True,19.0,True,0,0,,,False,,False,,False,,False,,,,0.97,Wind In (⬆️ N),47.8,Overcast
A,3,WSH,CJ Abrams,682928,L,0,False,Unknown (702273),702273,?,CWS,"FF, SI, ST, FC",824613,04:10 PM,CWS,WSH,6,2.16,False,False,False,False,3,3,0,0,0.7486,113,0,8,0,0.0,15.8,18.4,38.0,47.4,0.2224,0.0,0.0,4.4,0.848,0.249,0.242,0.051,0.0,0.677,0.746,1.644,0.0,0.0545,0.1917,0.0678,0.3717,0.0,36,1,83.6,22.2,70.7,30.6,False,8.3,True,25.0,True,10.1,False,56,4,FF(42%):2/27pa  |  SI(21%):0/15pa  |  ST(18%):1/10pa  |  FC(8%):1/4pa,88.3,28.6,71.7,37.5,False,7.1,True,25.0,True,17.4,False,0,0,,,False,,False,,False,,False,,,,0.97,Wind In (⬆️ N),47.8,Overcast
A,3,WSH,Luis García Jr.,671277,L,0,False,Unknown (702273),702273,?,CWS,"FF, SI, ST, FC",824613,04:10 PM,CWS,WSH,6,2.16,False,False,False,False,3,3,0,0,0.5358,90,0,8,2,25.0,15.8,18.4,38.0,47.4,0.3998,0.0,0.0,3.8,1.051,0.06,0.058,0.218,0.06,0.289,0.436,1.569,0.0,0.0154,0.2781,0.0893,0.415,0.0,27,0,93.0,33.3,74.0,29.6,True,0.0,False,22.2,True,15.3,False,41,1,FF(42%):1/24pa  |  SI(21%):0/10pa  |  ST(18%):0/4pa  |  FC(8%):0/3pa,92.4,39.0,73.2,31.7,True,2.4,False,19.5,False,19.9,True,0,0,,,False,,False,,False,,False,,,,0.97,Wind In (⬆️ N),47.8,Overcast
